place_id,name,reviews,rating,address,link
ChIJf6de11oHzkwRlKcXSOTLn6Q,Curly Hair Designs,109,4.8,"275 Britannia Rd, Ottawa, ON K2B 5X3",https://www.google.com/maps/place/Curly+Hair+Designs/data=!4m7!3m6!1s0x4cce075ad75ea77f:0xa49fcbe44817a794!8m2!3d45.3654994!4d-75.7960142!16s%2Fg%2F1tfqql1d!19sChIJf6de11oHzkwRlKcXSOTLn6Q?authuser=0&hl=en&rclk=1
ChIJL_85-AUFzkwRq9g_6MzYYkQ,Lucas Nault Hair Studio,233,4.8,"551 Somerset St W, Ottawa, ON K1R 5J9",https://www.google.com/maps/place/Lucas+Nault+Hair+Studio/data=!4m7!3m6!1s0x4cce0505f839ff2f:0x4462d8cce83fd8ab!8m2!3d45.4131776!4d-75.7021378!16s%2Fg%2F1tl8kbc9!19sChIJL_85-AUFzkwRq9g_6MzYYkQ?authuser=0&hl=en&rclk=1
ChIJM2uPqFMBzkwRFG2evFx3t1I,Ndeg1 SALON,60,5,"1090 Ambleside Dr Unit 107, Ottawa, ON K2B 8G7",https://www.google.com/maps/place/N%C2%B01+SALON/data=!4m7!3m6!1s0x4cce0153a88f6b33:0x52b7775cbc9e6d14!8m2!3d45.3725906!4d-75.780412!16s%2Fg%2F11shj8_ccx!19sChIJM2uPqFMBzkwRFG2evFx3t1I?authuser=0&hl=en&rclk=1
ChIJARckxAMFzkwRYoRWyMCOLYw,A-One Hair Salon,145,4.5,"1223 Bank St, Ottawa, ON K1S 3X7",https://www.google.com/maps/place/A-One+Hair+Salon/data=!4m7!3m6!1s0x4cce0503c4241701:0x8c2d8ec0c8568462!8m2!3d45.3915605!4d-75.6808786!16s%2Fg%2F11hd1wcttn!19sChIJARckxAMFzkwRYoRWyMCOLYw?authuser=0&hl=en&rclk=1
ChIJ6VfPzzgEzkwRppw0SL3toJw,THS The Hair Salon,39,4.8,"356 Woodroffe Ave, Ottawa, ON K2A 4E2",https://www.google.com/maps/place/THS+The+Hair+Salon/data=!4m7!3m6!1s0x4cce0438cfcf57e9:0x9ca0edbd48349ca6!8m2!3d45.3704979!4d-75.7711711!16s%2Fg%2F1td6rw1x!19sChIJ6VfPzzgEzkwRppw0SL3toJw?authuser=0&hl=en&rclk=1
ChIJs2bwmNIAzkwRJLmBPEuEey4,Salon Nick,136,4.9,"2730 Iris St #6, Ottawa, ON K2C 1E6",https://www.google.com/maps/place/Salon+Nick/data=!4m7!3m6!1s0x4cce00d298f066b3:0x2e7b844b3c81b924!8m2!3d45.3477338!4d-75.7865204!16s%2Fg%2F1tfjqb0z!19sChIJs2bwmNIAzkwRJLmBPEuEey4?authuser=0&hl=en&rclk=1
ChIJ4VRB4gIEzkwRLjx1hjpQDd8,Richmond Hair Studio,41,4.5,"484 Ancaster Ave, Ottawa, ON K2B 5B7",https://www.google.com/maps/place/Richmond+Hair+Studio/data=!4m7!3m6!1s0x4cce0402e24154e1:0xdf0d503a86753c2e!8m2!3d45.3701258!4d-75.7727404!16s%2Fg%2F1tj1m3z3!19sChIJ4VRB4gIEzkwRLjx1hjpQDd8?authuser=0&hl=en&rclk=1
ChIJLxz5ny8BzkwR0JZyladYBd4,Claudette's Coiffure & Boutique Inc,117,4,"360 Croydon Ave, Ottawa, ON K2B 8A4",https://www.google.com/maps/place/Claudette%27s+Coiffure+%26+Boutique+Inc/data=!4m7!3m6!1s0x4cce012f9ff91c2f:0xde0558a7957296d0!8m2!3d45.3641952!4d-75.7880692!16s%2Fg%2F1tffnzk3!19sChIJLxz5ny8BzkwR0JZyladYBd4?authuser=0&hl=en&rclk=1
ChIJAQAAUMoGzkwRRBiQfbfp-PM,Saco Hair Ottawa,174,4.5,"2121 Carling Ave #24c, Ottawa, ON K2A 1H2",https://www.google.com/maps/place/Saco+Hair+Ottawa/data=!4m7!3m6!1s0x4cce06ca50000001:0xf3f8e9b77d901844!8m2!3d45.3736748!4d-75.7692205!16s%2Fg%2F1tmxw6hw!19sChIJAQAAUMoGzkwRRBiQfbfp-PM?authuser=0&hl=en&rclk=1
ChIJ1xQh6IUFzkwRz94GE7ythy8,Hair by JamieG,51,5,"195 Clearview Ave, Ottawa, ON K1Z 6S1",https://www.google.com/maps/place/Hair+by+JamieG/data=!4m7!3m6!1s0x4cce0585e82114d7:0x2f87adbc1306decf!8m2!3d45.4004717!4d-75.7518288!16s%2Fg%2F11k_l3b28t!19sChIJ1xQh6IUFzkwRz94GE7ythy8?authuser=0&hl=en&rclk=1
ChIJ4zWzM6oGzkwRTQO_a_XFIlk,Pierino Scarfo Salon Westboro,402,4.8,"432 Richmond Rd, Ottawa, ON K2A 0G2",https://www.google.com/maps/place/Pierino+Scarfo+Salon+Westboro/data=!4m7!3m6!1s0x4cce06aa33b335e3:0x5922c5f56bbf034d!8m2!3d45.389896!4d-75.7579459!16s%2Fg%2F11b7fx99f9!19sChIJ4zWzM6oGzkwRTQO_a_XFIlk?authuser=0&hl=en&rclk=1
ChIJAX3OhiABzkwR97k9qI0ZXOQ,Shannon Doyle Beauty,68,5,"70 McEwen Ave, Ottawa, ON K2B 5M3",https://www.google.com/maps/place/Shannon+Doyle+Beauty/data=!4m7!3m6!1s0x4cce012086ce7d01:0xe45c198da83db9f7!8m2!3d45.371492!4d-75.7830807!16s%2Fg%2F11ghnbpwmk!19sChIJAX3OhiABzkwR97k9qI0ZXOQ?authuser=0&hl=en&rclk=1
ChIJOeQkzcwGzkwRj9d9ayNi7yI,Tony And Chris Hair Studio,18,4.9,"2280 Carling Ave, Ottawa, ON K2B 7G1",https://www.google.com/maps/place/Tony+And+Chris+Hair+Studio/data=!4m7!3m6!1s0x4cce06cccd24e439:0x22ef62236b7dd78f!8m2!3d45.3680879!4d-75.7744472!16s%2Fg%2F1tz710kp!19sChIJOeQkzcwGzkwRj9d9ayNi7yI?authuser=0&hl=en&rclk=1
ChIJPflCMzMBzkwRnl3tZm04TZ8,Nevio's Mane Image Hair Studio,21,5,"2255 Carling Ave, Ottawa, ON K2B 7Z5",https://www.google.com/maps/place/Nevio%27s+Mane+Image+Hair+Studio/data=!4m7!3m6!1s0x4cce01333342f93d:0x9f4d386d66ed5d9e!8m2!3d45.3686731!4d-75.7746526!16s%2Fg%2F1tltl_bd!19sChIJPflCMzMBzkwRnl3tZm04TZ8?authuser=0&hl=en&rclk=1
ChIJg2Fq26sHzkwRzHgFxMtZKOg,Hair World Salon & Spa,167,4.5,"1033 Maitland Ave, Ottawa, ON K2C 2B8",https://www.google.com/maps/place/Hair+World+Salon+%26+Spa/data=!4m7!3m6!1s0x4cce07abdb6a6183:0xe82859cbc40578cc!8m2!3d45.3683367!4d-75.7530282!16s%2Fg%2F1hc2gyq8n!19sChIJg2Fq26sHzkwRzHgFxMtZKOg?authuser=0&hl=en&rclk=1
ChIJkcOHx8UHzkwRTFwBC2s93Vs,Flawless Hair Salon - Ottawa Balayage Expert,613,4.6,"6 Antares Dr Unit 4, Ottawa, ON K2E 8A9",https://www.google.com/maps/place/Flawless+Hair+Salon+-+Ottawa+Balayage+Expert/data=!4m7!3m6!1s0x4cce07c5c787c391:0x5bdd3d6b0b015c4c!8m2!3d45.3360686!4d-75.7066255!16s%2Fg%2F11c3w1lbbr!19sChIJkcOHx8UHzkwRTFwBC2s93Vs?authuser=0&hl=en&rclk=1
ChIJq6qqesoGzkwR3Xl_qi-CdPw,Francesco Hairstylist & Barber,156,4.4,"2121 Carling Ave, Ottawa, ON K2A 1H2",https://www.google.com/maps/place/Francesco+Hairstylist+%26+Barber/data=!4m7!3m6!1s0x4cce06ca7aaaaaab:0xfc74822faa7f79dd!8m2!3d45.3737231!4d-75.7694948!16s%2Fg%2F1wh4fg_4!19sChIJq6qqesoGzkwR3Xl_qi-CdPw?authuser=0&hl=en&rclk=1
ChIJdzBEvngFzkwRWMhTEJIaYRA,Designer 2 Hair Salon,43,4.9,"14 Clarence St., Ottawa, ON K1N 6Z5",https://www.google.com/maps/place/Designer+2+Hair+Salon/data=!4m7!3m6!1s0x4cce0578be443077:0x10611a921053c858!8m2!3d45.4280942!4d-75.6950965!16s%2Fg%2F11s4rtpjrh!19sChIJdzBEvngFzkwRWMhTEJIaYRA?authuser=0&hl=en&rclk=1
ChIJAQDsmy4HzkwRTPxhaz86Zq4,HairRenos.ca,24,5,"2296 Badger Crescent Suite 2, Ottawa, ON K2C 1J1",https://www.google.com/maps/place/HairRenos.ca/data=!4m7!3m6!1s0x4cce072e9bec0001:0xae663a3f6b61fc4c!8m2!3d45.3496091!4d-75.777341!16s%2Fg%2F11gh0cst1c!19sChIJAQDsmy4HzkwRTPxhaz86Zq4?authuser=0&hl=en&rclk=1
ChIJhYiXojgEzkwR-ccV16vN14A,Mint Hair Studio,113,4.9,"9 Sherbrooke Ave, Ottawa, ON K1Y 1R8",https://www.google.com/maps/place/Mint+Hair+Studio/data=!4m7!3m6!1s0x4cce0438a2978885:0x80d7cdabd715c7f9!8m2!3d45.4026202!4d-75.7252552!16s%2Fg%2F1hc77k3zh!19sChIJhYiXojgEzkwR-ccV16vN14A?authuser=0&hl=en&rclk=1
ChIJuWYN4RcEzkwRGy7H2UK6NLY,On Edge Studio,173,4.8,"1267 Wellington St. W, Ottawa, ON K1Y 0W3",https://www.google.com/maps/place/On+Edge+Studio/data=!4m7!3m6!1s0x4cce0417e10d66b9:0xb634ba42d9c72e1b!8m2!3d45.3994866!4d-75.7336589!16s%2Fg%2F1pzwfdbnz!19sChIJuWYN4RcEzkwRGy7H2UK6NLY?authuser=0&hl=en&rclk=1
ChIJV8j1ieMFzkwRBaqUpiYwX8M,Precision Styling & Il Paradiso Spa,90,4.5,"2269 Riverside Dr. 2nd Floor, Ottawa, ON K1H 8K2",https://www.google.com/maps/place/Precision+Styling+%26+Il+Paradiso+Spa/data=!4m7!3m6!1s0x4cce05e389f5c857:0xc35f3026a694aa05!8m2!3d45.386562!4d-75.6760864!16s%2Fg%2F1tncsj8v!19sChIJV8j1ieMFzkwRBaqUpiYwX8M?authuser=0&hl=en&rclk=1
ChIJdyzLHyEHzkwRnZLcduF6ADs,Painted Hair co.,95,4.9,"897 Merivale Rd, Ottawa, ON K1Z 6A1",https://www.google.com/maps/place/Painted+Hair+co./data=!4m7!3m6!1s0x4cce07211fcb2c77:0x3b007ae176dc929d!8m2!3d45.3834636!4d-75.7324746!16s%2Fg%2F11hzn4rby5!19sChIJdyzLHyEHzkwRnZLcduF6ADs?authuser=0&hl=en&rclk=1
ChIJFReceIEFzkwRr1hXCkcAXM4,Ombel Salon,208,4.9,"300 Richmond Rd, Ottawa, ON K1Z 6X6",https://www.google.com/maps/place/Omb%C3%ABl+Salon/data=!4m7!3m6!1s0x4cce0581789c1715:0xce5c00470a5758af!8m2!3d45.3924293!4d-75.7526382!16s%2Fg%2F11ry8v2scs!19sChIJFReceIEFzkwRr1hXCkcAXM4?authuser=0&hl=en&rclk=1
ChIJ-w_PfscFzkwR5C-yJtYUZYY,Shampoo Hair Salon,108,4.9,"124 Spadina Ave, Ottawa, ON K1Y 2C1",https://www.google.com/maps/place/Shampoo+Hair+Salon/data=!4m7!3m6!1s0x4cce05c77ecf0ffb:0x866514d626b22fe4!8m2!3d45.4022653!4d-75.7197269!16s%2Fg%2F11jbd_9fmx!19sChIJ-w_PfscFzkwR5C-yJtYUZYY?authuser=0&hl=en&rclk=1
ChIJK2_HHQMEzkwRURPNPBQg70M,DeLuca Hair,115,4.7,"267 Richmond Rd, Ottawa, ON K1Z 6X3",https://www.google.com/maps/place/DeLuca+Hair/data=!4m7!3m6!1s0x4cce04031dc76f2b:0x43ef20143ccd1351!8m2!3d45.3935097!4d-75.7512305!16s%2Fg%2F11c1nzhcv1!19sChIJK2_HHQMEzkwRURPNPBQg70M?authuser=0&hl=en&rclk=1
ChIJR-hV6bQFzkwRzReSbFSzrpg,Marina Hair and Beauty Salon,91,4.9,"1278 Wellington St. W, Ottawa, ON K1Y 3A7",https://www.google.com/maps/place/Marina+Hair+and+Beauty+Salon/data=!4m7!3m6!1s0x4cce05b4e955e847:0x98aeb3546c9217cd!8m2!3d45.3990204!4d-75.7344498!16s%2Fg%2F11nnpdyg7j!19sChIJR-hV6bQFzkwRzReSbFSzrpg?authuser=0&hl=en&rclk=1
ChIJIUXnFiIFzkwRvLplQ-T4-ZI,Glow Hair Studio,81,5,"785 Gladstone Ave, Ottawa, ON K1R 6X8",https://www.google.com/maps/place/Glow+Hair+Studio/data=!4m7!3m6!1s0x4cce052216e74521:0x92f9f8e44365babc!8m2!3d45.4064036!4d-75.7078534!16s%2Fg%2F11j6scf_5q!19sChIJIUXnFiIFzkwRvLplQ-T4-ZI?authuser=0&hl=en&rclk=1
ChIJnbTmLwMEzkwR0Tn93fJS2Fk,Bruno Racine Salon,184,4.4,"236 Richmond Rd, Ottawa, ON K1Z 6W6",https://www.google.com/maps/place/Bruno+Racine+Salon/data=!4m7!3m6!1s0x4cce04032fe6b49d:0x59d852f2ddfd39d1!8m2!3d45.3937194!4d-75.7495758!16s%2Fg%2F1vvr5vj0!19sChIJnbTmLwMEzkwR0Tn93fJS2Fk?authuser=0&hl=en&rclk=1
ChIJcQLvWqwFzkwRllDm9pH6498,Vespa Hair Design,73,4.8,"561 Somerset St W, Ottawa, ON K1R 5K1",https://www.google.com/maps/place/Vespa+Hair+Design/data=!4m7!3m6!1s0x4cce05ac5aef0271:0xdfe3fa91f6e65096!8m2!3d45.4129335!4d-75.7025831!16s%2Fg%2F1tjdqz5k!19sChIJcQLvWqwFzkwRllDm9pH6498?authuser=0&hl=en&rclk=1
ChIJQ3UH7hcEzkwR95gjtS5Vlio,Studio Me Hair Design,77,4.8,"1281A Wellington St. W, Ottawa, ON K1Y 3A8",https://www.google.com/maps/place/Studio+Me+Hair+Design/data=!4m7!3m6!1s0x4cce0417ee077543:0x2a96552eb52398f7!8m2!3d45.3992902!4d-75.734678!16s%2Fg%2F11bytm9x_k!19sChIJQ3UH7hcEzkwR95gjtS5Vlio?authuser=0&hl=en&rclk=1
ChIJzWvSTy8BzkwRGPi6FFgbPfU,First Choice Hair,197,4,"1460 Richmond Rd, Ottawa, ON K2B 6S1",https://www.google.com/maps/place/First+Choice+Hair/data=!4m7!3m6!1s0x4cce012f4fd26bcd:0xf53d1b5814baf818!8m2!3d45.3627904!4d-75.7895362!16s%2Fg%2F1wfcnsb8!19sChIJzWvSTy8BzkwRGPi6FFgbPfU?authuser=0&hl=en&rclk=1
ChIJo5AuGicFzkwRtS0onadxvog,Concepts Hair Salon,113,4.9,"191 Preston St, Ottawa, ON K1R 7P8",https://www.google.com/maps/place/Concepts+Hair+Salon/data=!4m7!3m6!1s0x4cce05271a2e90a3:0x88be71a79d282db5!8m2!3d45.4063141!4d-75.7127194!16s%2Fg%2F11rgbzk1zg!19sChIJo5AuGicFzkwRtS0onadxvog?authuser=0&hl=en&rclk=1
ChIJcYh3r60FzkwROOSoX3CxDuM,Jet Black Hair & Studio,357,4.8,"386 MacLaren St, Ottawa, ON K2P 0M8",https://www.google.com/maps/place/Jet+Black+Hair+%26+Studio/data=!4m7!3m6!1s0x4cce05adaf778871:0xe30eb1705fa8e438!8m2!3d45.4144791!4d-75.6961098!16s%2Fg%2F1ydvw4d7v!19sChIJcYh3r60FzkwROOSoX3CxDuM?authuser=0&hl=en&rclk=1
ChIJN6DII40GzkwRj8xGoO1YYco,West Side Spa,148,4.8,"1234 Merivale Rd #2, Ottawa, ON K2C 4C3",https://www.google.com/maps/place/West+Side+Spa/data=!4m7!3m6!1s0x4cce068d23c8a037:0xca6158eda046cc8f!8m2!3d45.3703784!4d-75.7332826!16s%2Fg%2F1tklq56m!19sChIJN6DII40GzkwRj8xGoO1YYco?authuser=0&hl=en&rclk=1
ChIJ12zVSNMHzkwRXf9o0_Bur2w,New York New York Hair Salon,482,4.8,"3625 Rivergate Way, Ottawa, ON K1V 2A4",https://www.google.com/maps/place/New+York+New+York+Hair+Salon/data=!4m7!3m6!1s0x4cce07d348d56cd7:0x6caf6ef0d368ff5d!8m2!3d45.3455454!4d-75.6924382!16s%2Fg%2F1tdb3xdq!19sChIJ12zVSNMHzkwRXf9o0_Bur2w?authuser=0&hl=en&rclk=1
ChIJJ4gyM0oEzkwRtJHd4ZkgJ48,Vina Unisex Hair Design,44,5,"367 Booth St, Ottawa, ON K1R 7K1",https://www.google.com/maps/place/Vina+Unisex+Hair+Design/data=!4m7!3m6!1s0x4cce044a33328827:0x8f272099e1dd91b4!8m2!3d45.4072323!4d-75.7090418!16s%2Fg%2F1tgfc_4y!19sChIJJ4gyM0oEzkwRtJHd4ZkgJ48?authuser=0&hl=en&rclk=1
ChIJXS1zThUHzkwRD9O4O6WOes4,Fringe & Foliage,50,5,"1300 Carling Ave, Ottawa, ON K1Z 7L2",https://www.google.com/maps/place/Fringe+%26+Foliage/data=!4m7!3m6!1s0x4cce07154e732d5d:0xce7a8ea53bb8d30f!8m2!3d45.3857356!4d-75.7340908!16s%2Fg%2F11sph8z8y8!19sChIJXS1zThUHzkwRD9O4O6WOes4?authuser=0&hl=en&rclk=1
ChIJN0TLGjEFzkwRcbEOZPeVwOw,Hasami salon,80,4.8,"444 Preston St unit2, Ottawa, ON K1S 4N6",https://www.google.com/maps/place/Hasami+salon/data=!4m7!3m6!1s0x4cce05311acb4437:0xecc095f7640eb171!8m2!3d45.3989749!4d-75.7088462!16s%2Fg%2F11tj3dnrrb!19sChIJN0TLGjEFzkwRcbEOZPeVwOw?authuser=0&hl=en&rclk=1
ChIJQcb6rK0FzkwR-fUvDaBY0wM,Salon Bliss,134,4.9,"301 1/2 Bank St, Ottawa, ON K2P 1X7",https://www.google.com/maps/place/Salon+Bliss/data=!4m7!3m6!1s0x4cce05adacfac641:0x3d358a00d2ff5f9!8m2!3d45.4150136!4d-75.6958861!16s%2Fg%2F11b6211454!19sChIJQcb6rK0FzkwR-fUvDaBY0wM?authuser=0&hl=en&rclk=1
ChIJ4bg-vzEFzkwRZL-mG_oj0tU,Maison Noi,133,4.9,"111 Sherwood Dr, Ottawa, ON K1Y 3V1",https://www.google.com/maps/place/Maison+Noi/data=!4m7!3m6!1s0x4cce0531bf3eb8e1:0xd5d223fa1ba6bf64!8m2!3d45.3962045!4d-75.7133277!16s%2Fg%2F11h0_sz4k3!19sChIJ4bg-vzEFzkwRZL-mG_oj0tU?authuser=0&hl=en&rclk=1
ChIJsSBwFagGzkwRO2x_qfzYd10,Westboro Spa & Hair Studio,146,4.6,"455 Churchill Ave N, Ottawa, ON K1Z 5E1",https://www.google.com/maps/place/Westboro+Spa+%26+Hair+Studio/data=!4m7!3m6!1s0x4cce06a8157020b1:0x5d77d8fca97f6c3b!8m2!3d45.3901214!4d-75.7522748!16s%2Fg%2F1tdd4x42!19sChIJsSBwFagGzkwRO2x_qfzYd10?authuser=0&hl=en&rclk=1
ChIJq6qqeuMFzkwRtl_8fynreX0,Precision Styling - Hair Salon Ottawa,474,4.6,"2269 Riverside Dr Second floor, Unit 200, Ottawa, ON K1H 8K2",https://www.google.com/maps/place/Precision+Styling+-+Hair+Salon+Ottawa/data=!4m7!3m6!1s0x4cce05e37aaaaaab:0x7d79eb297ffc5fb6!8m2!3d45.385385!4d-75.677744!16s%2Fg%2F1tczdjj8!19sChIJq6qqeuMFzkwRtl_8fynreX0?authuser=0&hl=en&rclk=1
ChIJi4FIaWUGzkwRJMZuPRHT4lc,Moodie Hair Salon,244,4.8,"1200 Prince of Wales Dr f, Ottawa, ON K2C 3Y4",https://www.google.com/maps/place/Moodie+Hair+Salon/data=!4m7!3m6!1s0x4cce06656948818b:0x57e2d3113d6ec624!8m2!3d45.3742976!4d-75.7083757!16s%2Fg%2F1tfhz6f0!19sChIJi4FIaWUGzkwRJMZuPRHT4lc?authuser=0&hl=en&rclk=1
ChIJxV9Wi7gFzkwRzPN5OyJnI2c,Hair on Second Avenue,81,4.8,"166 Second Ave, Ottawa, ON K1S 2H6",https://www.google.com/maps/place/Hair+on+Second+Avenue/data=!4m7!3m6!1s0x4cce05b88b565fc5:0x672367223b79f3cc!8m2!3d45.4034713!4d-75.6891274!16s%2Fg%2F11g69hp61h!19sChIJxV9Wi7gFzkwRzPN5OyJnI2c?authuser=0&hl=en&rclk=1
ChIJwXBhrqwFzkwRlJjHZVUCuE8,Hairmosa,68,4.9,"1012 Wellington St. W, Ottawa, ON K1Y 2X9",https://www.google.com/maps/place/Hairmosa/data=!4m7!3m6!1s0x4cce05acae6170c1:0x4fb8025565c79894!8m2!3d45.4048103!4d-75.7234515!16s%2Fg%2F1tm1270d!19sChIJwXBhrqwFzkwRlJjHZVUCuE8?authuser=0&hl=en&rclk=1
ChIJWxZzi6IGzkwREhS0ptkO-w0,Salon My Place,78,4.9,"96 Hinton Ave N, Ottawa, ON K1Y 0Z8",https://www.google.com/maps/place/Salon+My+Place/data=!4m7!3m6!1s0x4cce06a28b73165b:0xdfb0ed9a6b41412!8m2!3d45.4006256!4d-75.7315652!16s%2Fg%2F1q69k1jwv!19sChIJWxZzi6IGzkwREhS0ptkO-w0?authuser=0&hl=en&rclk=1
ChIJlRp6UEwEzkwRUSJytFNbITs,Anna Hair Design,87,4.4,"310 Bronson Ave, Ottawa, ON K1R 6J3",https://www.google.com/maps/place/Anna+Hair+Design/data=!4m7!3m6!1s0x4cce044c507a1a95:0x3b215b53b4722251!8m2!3d45.411026!4d-75.7056971!16s%2Fg%2F1vl5gdbs!19sChIJlRp6UEwEzkwRUSJytFNbITs?authuser=0&hl=en&rclk=1
ChIJW8emO0kEzkwRofuHnpLsRQE,Mai Mai 2 Beauty Salon,138,4.7,"822 Somerset St W, Ottawa, ON K1R 6R5",https://www.google.com/maps/place/Mai+Mai+2+Beauty+Salon/data=!4m7!3m6!1s0x4cce04493ba6c75b:0x145ec929e87fba1!8m2!3d45.409128!4d-75.7113074!16s%2Fg%2F1tdkg8bw!19sChIJW8emO0kEzkwRofuHnpLsRQE?authuser=0&hl=en&rclk=1
ChIJ2w_K0ekFzkwR4av0l5VlZTo,Jabbany Salon,64,4.9,"1067 Bank St, Ottawa, ON K1S 3W9",https://www.google.com/maps/place/Jabbany+Salon/data=!4m7!3m6!1s0x4cce05e9d1ca0fdb:0x3a65659597f4abe1!8m2!3d45.394867!4d-75.683455!16s%2Fg%2F11bbwmzr43!19sChIJ2w_K0ekFzkwR4av0l5VlZTo?authuser=0&hl=en&rclk=1
ChIJBcrobK4FzkwRRhVukZAp6mk,New Hair illusions,98,4.8,"407 Laurier Ave W, Ottawa, ON K1R 7Y7",https://www.google.com/maps/place/New+Hair+illusions/data=!4m7!3m6!1s0x4cce05ae6ce8ca05:0x69ea2990916e1546!8m2!3d45.417606!4d-75.702052!16s%2Fg%2F11l5nqzfrh!19sChIJBcrobK4FzkwRRhVukZAp6mk?authuser=0&hl=en&rclk=1
ChIJNXsVAmsGzkwRs3w9-Vj0JF0,Raba Hair Studio,79,4.5,"888 Meadowlands Dr E #3, Ottawa, ON K2C 3R2",https://www.google.com/maps/place/Raba+Hair+Studio/data=!4m7!3m6!1s0x4cce066b02157b35:0x5d24f458f93d7cb3!8m2!3d45.3673057!4d-75.7026193!16s%2Fg%2F11b8zjqk1n!19sChIJNXsVAmsGzkwRs3w9-Vj0JF0?authuser=0&hl=en&rclk=1
ChIJl_0AiOMFzkwRfL93hFMvXtk,The Hair Boutique - Hair Salon Ottawa,107,4.4,"2269 Riverside Dr, unit 3 , First Floor beside TD bank, Ottawa, ON K1H 8K2",https://www.google.com/maps/place/The+Hair+Boutique+-+Hair+Salon+Ottawa/data=!4m7!3m6!1s0x4cce05e38800fd97:0xd95e2f538477bf7c!8m2!3d45.386578!4d-75.675798!16s%2Fg%2F1v44dllm!19sChIJl_0AiOMFzkwRfL93hFMvXtk?authuser=0&hl=en&rclk=1
ChIJEUM6zhsFzkwR-UDXY1eEFok,June & Flora Boutique Hair Gallery,81,5,"501 Kent St, Ottawa, ON K2P 2B8",https://www.google.com/maps/place/June+%26+Flora+Boutique+Hair+Gallery/data=!4m7!3m6!1s0x4cce051bce3a4311:0x8916845763d740f9!8m2!3d45.4099754!4d-75.6945034!16s%2Fg%2F11nnr0nt2t!19sChIJEUM6zhsFzkwR-UDXY1eEFok?authuser=0&hl=en&rclk=1
ChIJd-gkSDUFzkwROYu81IV7M08,Spring Hair Studio,76,4.9,"201 Kent St, Ottawa, ON K2P 2M4",https://www.google.com/maps/place/Spring+Hair+Studio/data=!4m7!3m6!1s0x4cce05354824e877:0x4f337b85d4bc8b39!8m2!3d45.4172367!4d-75.7006215!16s%2Fg%2F11rjqx751j!19sChIJd-gkSDUFzkwROYu81IV7M08?authuser=0&hl=en&rclk=1
ChIJobQR-lUFzkwR61GVGWmY8kI,Sunday Hair Cut + Colour Club,84,5,"867 Somerset St W, Ottawa, ON K1R 6R6",https://www.google.com/maps/place/Sunday+Hair+Cut+%2B+Colour+Club/data=!4m7!3m6!1s0x4cce0555fa11b4a1:0x42f29869199551eb!8m2!3d45.4090343!4d-75.7130459!16s%2Fg%2F11jpd80cjp!19sChIJobQR-lUFzkwR61GVGWmY8kI?authuser=0&hl=en&rclk=1
ChIJrcKA6a0FzkwRazfUYhtuBH0,Saab Salon Spa,294,4.4,"376 Bank St, Ottawa, ON K2P 1Y4",https://www.google.com/maps/place/Saab+Salon+Spa/data=!4m7!3m6!1s0x4cce05ade980c2ad:0x7d046e1b62d4376b!8m2!3d45.4136775!4d-75.6951971!16s%2Fg%2F1td47lpg!19sChIJrcKA6a0FzkwRazfUYhtuBH0?authuser=0&hl=en&rclk=1
ChIJL-lB_swFzkwRNCYQ9rJg0NI,Rise Hair Team,39,4.7,"324 Bronson Ave, Ottawa, ON K1R 6J3",https://www.google.com/maps/place/Rise+Hair+Team/data=!4m7!3m6!1s0x4cce05ccfe41e92f:0xd2d060b2f6102634!8m2!3d45.410767!4d-75.7055861!16s%2Fg%2F11h_tl_8kq!19sChIJL-lB_swFzkwRNCYQ9rJg0NI?authuser=0&hl=en&rclk=1
ChIJJWNigQwHzkwRpPp0r-rQAKA,Royal Hair Ottawa,65,4.7,"1343 Meadowlands Dr E, Nepean, ON K2E 6K6",https://www.google.com/maps/place/Royal+Hair+Ottawa/data=!4m7!3m6!1s0x4cce070c81626325:0xa000d0eaaf74faa4!8m2!3d45.3548104!4d-75.7306314!16s%2Fg%2F11sc0pt4gr!19sChIJJWNigQwHzkwRpPp0r-rQAKA?authuser=0&hl=en&rclk=1
ChIJ_QuPWkwEzkwRwCtfjDZybn4,Maxim Hair Design,63,4.6,"318 Bronson Ave, Ottawa, ON K1R 6J3",https://www.google.com/maps/place/Maxim+Hair+Design/data=!4m7!3m6!1s0x4cce044c5a8f0bfd:0x7e6e72368c5f2bc0!8m2!3d45.4109509!4d-75.7056292!16s%2Fg%2F1tf3njqk!19sChIJ_QuPWkwEzkwRwCtfjDZybn4?authuser=0&hl=en&rclk=1
ChIJObPw-asHzkwRMbHRs2Fqcao,Fabulous Barbershop,436,4.8,"2549 Baseline Rd, Ottawa, ON K2H 7B3",https://www.google.com/maps/place/Fabulous+Barbershop/data=!4m7!3m6!1s0x4cce07abf9f0b339:0xaa716a61b3d1b131!8m2!3d45.3418349!4d-75.7868165!16s%2Fg%2F11j8m1zb8b!19sChIJObPw-asHzkwRMbHRs2Fqcao?authuser=0&hl=en&rclk=1
ChIJ85fPb6kFzkwRwfI12_m_L-E,The Connoisseur Art and Hair Studio,128,4.6,"202 Cooper St, Ottawa, ON K2P 0G1",https://www.google.com/maps/place/The+Connoisseur+Art+and+Hair+Studio/data=!4m7!3m6!1s0x4cce05a96fcf97f3:0xe12fbff9db35f2c1!8m2!3d45.418594!4d-75.6905245!16s%2Fg%2F11b7q6w774!19sChIJ85fPb6kFzkwRwfI12_m_L-E?authuser=0&hl=en&rclk=1
ChIJIaba6BkEzkwRpCYu4zsN4m4,Red Salon,37,4.6,"1369 Wellington St. W, Ottawa, ON K1Y 3C2",https://www.google.com/maps/place/Red+Salon/data=!4m7!3m6!1s0x4cce0419e8daa621:0x6ee20d3be32e26a4!8m2!3d45.398366!4d-75.73899!16s%2Fg%2F1v9tzjfz!19sChIJIaba6BkEzkwRpCYu4zsN4m4?authuser=0&hl=en&rclk=1
ChIJVyaAlJ4GzkwRhCj3DiMaUr0,L'Image Hair Studio,87,4.2,"1309 Carling Av, Ottawa, ON K1Z 7L3",https://www.google.com/maps/place/L%27Image+Hair+Studio/data=!4m7!3m6!1s0x4cce069e94802657:0xbd521a230ef72884!8m2!3d45.3871277!4d-75.7346637!16s%2Fg%2F1tghcs6x!19sChIJVyaAlJ4GzkwRhCj3DiMaUr0?authuser=0&hl=en&rclk=1
ChIJQ13qlbgFzkwRsnXxqUHDAHc,Reflections Hair Salon,308,4.7,"836 Bank St, Ottawa, ON K1S 3W1",https://www.google.com/maps/place/Reflections+Hair+Salon/data=!4m7!3m6!1s0x4cce05b895ea5d43:0x7700c341a9f175b2!8m2!3d45.4019611!4d-75.6879625!16s%2Fg%2F1ts1rvzq!19sChIJQ13qlbgFzkwRsnXxqUHDAHc?authuser=0&hl=en&rclk=1
ChIJB-chi7gFzkwRvxVhBgdsOUA,Showpony Hair,156,4.8,"722 Bank Street (rear entrance), Ottawa, ON K1S 3V2",https://www.google.com/maps/place/Showpony+Hair/data=!4m7!3m6!1s0x4cce05b88b21e707:0x40396c07066115bf!8m2!3d45.4044549!4d-75.6894322!16s%2Fg%2F11b5wq187l!19sChIJB-chi7gFzkwRvxVhBgdsOUA?authuser=0&hl=en&rclk=1
ChIJMXpaTccFzkwRgSBCp1ecHb8,Silver Scissors Salon,76,4.8,"877 Bank St, Ottawa, ON K1S 3W4",https://www.google.com/maps/place/Silver+Scissors+Salon/data=!4m7!3m6!1s0x4cce05c74d5a7a31:0xbf1d9c57a7422081!8m2!3d45.4007447!4d-75.686926!16s%2Fg%2F1tdykvb5!19sChIJMXpaTccFzkwRgSBCp1ecHb8?authuser=0&hl=en&rclk=1
ChIJC2E7e68FzkwRNn6qqGPID14,Le Petit Salon,152,4.6,"380 Elgin St, Ottawa, ON K2P 1N1",https://www.google.com/maps/place/Le+Petit+Salon/data=!4m7!3m6!1s0x4cce05af7b3b610b:0x5e0fc863a8aa7e36!8m2!3d45.4148269!4d-75.687949!16s%2Fg%2F11ckvdqhpt!19sChIJC2E7e68FzkwRNn6qqGPID14?authuser=0&hl=en&rclk=1
ChIJh3FhOZ8FzkwRVAIOOO60MzU,Salon SiBelle Ottawa,368,4.9,"169 Lees Ave #5M2, Ottawa, ON K1S 5L5",https://www.google.com/maps/place/Salon+SiBelle+Ottawa/data=!4m7!3m6!1s0x4cce059f39617187:0x3533b4ee380e0254!8m2!3d45.4156502!4d-75.6715761!16s%2Fg%2F11cm3t7_sj!19sChIJh3FhOZ8FzkwRVAIOOO60MzU?authuser=0&hl=en&rclk=1
ChIJmzAO_qwFzkwRj4G1P7n8-Vg,Somerset Hair Studio Inc,63,4.6,"497 Somerset St W, Ottawa, ON K1R 5J7",https://www.google.com/maps/place/Somerset+Hair+Studio+Inc/data=!4m7!3m6!1s0x4cce05acfe0e309b:0x58f9fcb93fb5818f!8m2!3d45.4138186!4d-75.7005688!16s%2Fg%2F1td64yk1!19sChIJmzAO_qwFzkwRj4G1P7n8-Vg?authuser=0&hl=en&rclk=1
ChIJV6tqqrgFzkwReF7nqqQpuN4,Layers Hair Design,70,4.9,"100 Fourth Ave Unit 24, Ottawa, ON K1S 5K4",https://www.google.com/maps/place/Layers+Hair+Design/data=!4m7!3m6!1s0x4cce05b8aa6aab57:0xdeb829a4aae75e78!8m2!3d45.4022117!4d-75.6877344!16s%2Fg%2F11h04xct_y!19sChIJV6tqqrgFzkwReF7nqqQpuN4?authuser=0&hl=en&rclk=1
ChIJU1TFFcoFzkwRadkHjulFKcE,Fluid3 Colour Concept Salon,38,4.6,"1171 Bank St, Ottawa, ON K1S 3X7",https://www.google.com/maps/place/Fluid3+Colour+Concept+Salon/data=!4m7!3m6!1s0x4cce05ca15c55453:0xc12945e98e07d969!8m2!3d45.3924409!4d-75.6819114!16s%2Fg%2F1v2kx1jl!19sChIJU1TFFcoFzkwRadkHjulFKcE?authuser=0&hl=en&rclk=1
ChIJ9TGITTwEzkwRDLM1-Q67o5Q,Stella Beauty Salon,25,4.9,"1175 Wellington St. W, Ottawa, ON K1Y 2Y9",https://www.google.com/maps/place/Stella+Beauty+Salon/data=!4m7!3m6!1s0x4cce043c4d8831f5:0x94a3bb0ef935b30c!8m2!3d45.4010046!4d-75.7289216!16s%2Fg%2F1td7myj7!19sChIJ9TGITTwEzkwRDLM1-Q67o5Q?authuser=0&hl=en&rclk=1
ChIJJ_VoNOgFzkwRdA9x561Acmw,HAIR REPUBLIC | OTTAWA SALONS,377,4.4,"1093-1095 Bank St, Ottawa, ON K1S 3X4",https://www.google.com/maps/place/HAIR+REPUBLIC+%7C+OTTAWA+SALONS/data=!4m7!3m6!1s0x4cce05e83468f527:0x6c7240ade7710f74!8m2!3d45.394102!4d-75.683144!16s%2Fg%2F1tm0ssq6!19sChIJJ_VoNOgFzkwRdA9x561Acmw?authuser=0&hl=en&rclk=1
ChIJa8GkqpgGzkwRgMLjrTSLtbw,Harmony Hair Design,31,4.5,"1389 Carling Ave, Ottawa, ON K1Z 7L6",https://www.google.com/maps/place/Harmony+Hair+Design/data=!4m7!3m6!1s0x4cce0698aaa4c16b:0xbcb58b34ade3c280!8m2!3d45.3863438!4d-75.7395513!16s%2Fg%2F1tf289jf!19sChIJa8GkqpgGzkwRgMLjrTSLtbw?authuser=0&hl=en&rclk=1
ChIJbaTizjwFzkwRTkZ8_tzwfhI,Studio KBB (Kelly's Barber & Beauty Inc.),661,4.9,"Inside My Salon Suites, 225 Metcalfe Street 6th Floor, #401, Ottawa, ON K2P 1P9",https://www.google.com/maps/place/Studio+KBB+%28Kelly%27s+Barber+%26+Beauty+Inc.%29/data=!4m7!3m6!1s0x4cce053ccee2a46d:0x127ef0dcfe7c464e!8m2!3d45.4176249!4d-75.6925618!16s%2Fg%2F1tdzwbcz!19sChIJbaTizjwFzkwRTkZ8_tzwfhI?authuser=0&hl=en&rclk=1
ChIJp5TQ61QEzkwRlXZ2clglhp4,Antonio Hair Design - Ottawa Hair Salon,26,4.8,"L'Esplanade Laurier, 181 Bank St, Ottawa, ON K2P 1W5",https://www.google.com/maps/place/Antonio+Hair+Design+-+Ottawa+Hair+Salon/data=!4m7!3m6!1s0x4cce0454ebd094a7:0x9e86255872767695!8m2!3d45.418417!4d-75.6979315!16s%2Fg%2F1tdjwmy1!19sChIJp5TQ61QEzkwRlXZ2clglhp4?authuser=0&hl=en&rclk=1
ChIJi8miQ6wFzkwRr7d3Uq5leqA,Fernandino,100,4.8,"324 Somerset St W, Ottawa, ON K2P 0J8",https://www.google.com/maps/place/Fernandino/data=!4m7!3m6!1s0x4cce05ac43a2c98b:0xa07a65ae5277b7af!8m2!3d45.4158399!4d-75.6948147!16s%2Fg%2F1pyd2gnwf!19sChIJi8miQ6wFzkwRr7d3Uq5leqA?authuser=0&hl=en&rclk=1
ChIJq6qqeuMFzkwRqk-wo-ZlIw4,Supreme Hair Design,118,4.4,"2269 Riverside Dr., Ottawa, ON K1H 8K2",https://www.google.com/maps/place/Supreme+Hair+Design/data=!4m7!3m6!1s0x4cce05e37aaaaaab:0xe2365e6a3b04faa!8m2!3d45.3853837!4d-75.6776402!16s%2Fg%2F1vvr5vj5!19sChIJq6qqeuMFzkwRqk-wo-ZlIw4?authuser=0&hl=en&rclk=1
ChIJjTO12bwFzkwRfMvQ3kFf3WE,Hair Today Dye Tomorrow,54,4.9,"225 Metcalfe Street 6th Floor Suite 207 & 401, Ottawa, ON K2P 1P9",https://www.google.com/maps/place/Hair+Today+Dye+Tomorrow/data=!4m7!3m6!1s0x4cce05bcd9b5338d:0x61dd5f41ded0cb7c!8m2!3d45.4176249!4d-75.6925618!16s%2Fg%2F11g2wrdm_2!19sChIJjTO12bwFzkwRfMvQ3kFf3WE?authuser=0&hl=en&rclk=1
ChIJj-Hh7aoFzkwR3YbcRlvGODM,BossArts Salon and Spa,321,4.7,"located Beside The Carleton Suite Hotel, 161 Laurier Ave W, Ottawa, ON K1P 5J2",https://www.google.com/maps/place/BossArts+Salon+and+Spa/data=!4m7!3m6!1s0x4cce05aaede1e18f:0x3338c65b46dc86dd!8m2!3d45.4207466!4d-75.6946084!16s%2Fg%2F1vp6ztcl!19sChIJj-Hh7aoFzkwR3YbcRlvGODM?authuser=0&hl=en&rclk=1
ChIJNyIpIpI0bakRtBL4poyTx44,ElectroSquid Hair Studio,35,4.9,"1114A Wellington St. W, Ottawa, ON K1Y 2Y7",https://www.google.com/maps/place/ElectroSquid+Hair+Studio/data=!4m7!3m6!1s0xa96d349222292237:0x8ec7938ca6f812b4!8m2!3d45.4023219!4d-75.7260159!16s%2Fg%2F11t__0grp7!19sChIJNyIpIpI0bakRtBL4poyTx44?authuser=0&hl=en&rclk=1
ChIJg9dQj1QEzkwRJqbslWuRKtc,Salon Eid,65,4.8,"280 Slater St., Ottawa, ON K1P 1C2",https://www.google.com/maps/place/Salon+Eid/data=!4m7!3m6!1s0x4cce04548f50d783:0xd72a916b95eca626!8m2!3d45.4188916!4d-75.7005377!16s%2Fg%2F1tz710j_!19sChIJg9dQj1QEzkwRJqbslWuRKtc?authuser=0&hl=en&rclk=1
ChIJUeyRMakFzkwRHP_KaXOOk5M,Sublime Hair Studio,26,4.7,"190 MacLaren St, Ottawa, ON K2P 0L6",https://www.google.com/maps/place/Sublime+Hair+Studio/data=!4m7!3m6!1s0x4cce05a93191ec51:0x93938e7369caff1c!8m2!3d45.4169202!4d-75.6897583!16s%2Fg%2F1tfsshyf!19sChIJUeyRMakFzkwRHP_KaXOOk5M?authuser=0&hl=en&rclk=1
ChIJkWt1OUwEzkwRvSuxir79j9U,Nancy's Hair Studio,39,4.2,"497 Somerset St W, Ottawa, ON K1R 5J7",https://www.google.com/maps/place/Nancy%27s+Hair+Studio/data=!4m7!3m6!1s0x4cce044c39756b91:0xd58ffdbe8ab12bbd!8m2!3d45.4138185!4d-75.7005688!16s%2Fg%2F1w2yz238!19sChIJkWt1OUwEzkwRvSuxir79j9U?authuser=0&hl=en&rclk=1
ChIJwXscIKsFzkwRjsi8SKL4wVI,Hair Junkie,962,4.8,"200 Laurier Ave W, Ottawa, ON K1P 6M7",https://www.google.com/maps/place/Hair+Junkie/data=!4m7!3m6!1s0x4cce05ab201c7bc1:0x52c1f8a248bcc88e!8m2!3d45.4199232!4d-75.6954544!16s%2Fg%2F1tjbrsxj!19sChIJwXscIKsFzkwRjsi8SKL4wVI?authuser=0&hl=en&rclk=1
ChIJnwKOnMwGzkwReJTVHUtnyeM,Glamor Group Hair Design & Esthetic,17,4.8,"2210 Carling Ave, Ottawa, ON K2A 1H3",https://www.google.com/maps/place/Glamor+Group+Hair+Design+%26+Esthetic/data=!4m7!3m6!1s0x4cce06cc9c8e029f:0xe3c9674b1dd59478!8m2!3d45.3693429!4d-75.7717669!16s%2Fg%2F1thhk3x5!19sChIJnwKOnMwGzkwReJTVHUtnyeM?authuser=0&hl=en&rclk=1
ChIJZ_oEQoEFzkwRjBjKyk6MJ9Y,Wendy's Studio,42,4.9,"125 Somerset St W, Ottawa, ON K2P 1J3",https://www.google.com/maps/place/Wendy%27s+Studio/data=!4m7!3m6!1s0x4cce05814204fa67:0xd6278c4ecaca188c!8m2!3d45.4186779!4d-75.6890227!16s%2Fg%2F11hz7667x_!19sChIJZ_oEQoEFzkwRjBjKyk6MJ9Y?authuser=0&hl=en&rclk=1
ChIJE3aAzMwFzkwRCbfLQYDYUS0,NuChic Hair,31,4.9,"491 Preston St, Ottawa, ON K1S 4N7",https://www.google.com/maps/place/NuChic+Hair/data=!4m7!3m6!1s0x4cce05cccc807613:0x2d51d88041cbb709!8m2!3d45.3983929!4d-75.707955!16s%2Fg%2F11c1rsgghz!19sChIJE3aAzMwFzkwRCbfLQYDYUS0?authuser=0&hl=en&rclk=1
ChIJ636BnlUEzkwR4DDsTMWg9hY,Society Salon and Blow Dry Bar,64,4.8,"90 Sparks St., Ottawa, ON K1P 5B4",https://www.google.com/maps/place/Society+Salon+and+Blow+Dry+Bar/data=!4m7!3m6!1s0x4cce04559e817eeb:0x16f6a0c54cec30e0!8m2!3d45.4229161!4d-75.6967309!16s%2Fg%2F11cnbnq9h6!19sChIJ636BnlUEzkwR4DDsTMWg9hY?authuser=0&hl=en&rclk=1
ChIJGaCBzwIFzkwRYOWb_jhR808,Syn Sue Salon,70,4.7,"Kenson Building, 225 Metcalfe St 6th Floor Suite 203, Ottawa, ON K2P 1P9",https://www.google.com/maps/place/Syn+Sue+Salon/data=!4m7!3m6!1s0x4cce0502cf81a019:0x4ff35138fe9be560!8m2!3d45.4176249!4d-75.6925618!16s%2Fg%2F1pp2wz4sz!19sChIJGaCBzwIFzkwRYOWb_jhR808?authuser=0&hl=en&rclk=1
ChIJwdooWEkEzkwRp5ffAqDiWVM,Bollywood Salon,76,4.1,"39 Eccles St, Ottawa, ON K1R 6S3",https://www.google.com/maps/place/Bollywood+Salon/data=!4m7!3m6!1s0x4cce04495828dac1:0x5359e2a002df97a7!8m2!3d45.4091113!4d-75.7093168!16s%2Fg%2F1tf078xk!19sChIJwdooWEkEzkwRp5ffAqDiWVM?authuser=0&hl=en&rclk=1
ChIJx_4jM0oBzkwR2Q8rRRAkYBs,Studio K Hair Salon,12,5,"Ottawa, ON K2B 8B9",https://www.google.com/maps/place/Studio+K+Hair+Salon/data=!4m7!3m6!1s0x4cce014a3323fec7:0x1b602410452b0fd9!8m2!3d45.3772625!4d-75.7755759!16s%2Fg%2F11kn704g3c!19sChIJx_4jM0oBzkwR2Q8rRRAkYBs?authuser=0&hl=en&rclk=1
ChIJdRBJjEgEzkwRht6zf6braL0,Unique Beauty Spa,35,4.6,"903 Somerset St W, Ottawa, ON K1R 6R8",https://www.google.com/maps/place/Unique+Beauty+Spa/data=!4m7!3m6!1s0x4cce04488c491075:0xbd68eba67fb3de86!8m2!3d45.4084062!4d-75.7146246!16s%2Fg%2F1vf9b_41!19sChIJdRBJjEgEzkwRht6zf6braL0?authuser=0&hl=en&rclk=1
ChIJaV24Dl0FzkwR35T6Aewjrv0,IMPAK HAIR & NAILS DESIGN INC.,51,4.7,"508 Gladstone Ave Unit B, Ottawa, ON K1R 5P1",https://www.google.com/maps/place/IMPAK+HAIR+%26+NAILS+DESIGN+INC./data=!4m7!3m6!1s0x4cce055d0eb85d69:0xfdae23ec01fa94df!8m2!3d45.4099291!4d-75.6982011!16s%2Fg%2F11rvb_y31c!19sChIJaV24Dl0FzkwR35T6Aewjrv0?authuser=0&hl=en&rclk=1
ChIJWamcef4FzkwRWEaqais6Lpw,Starz Salon Spa,164,4.7,"2900 Gibford Dr #113, Ottawa, ON K1V 2R4",https://www.google.com/maps/place/Starz+Salon+Spa/data=!4m7!3m6!1s0x4cce05fe799ca959:0x9c2e3a2b6aaa4658!8m2!3d45.3428122!4d-75.6684203!16s%2Fg%2F1tdm7yty!19sChIJWamcef4FzkwRWEaqais6Lpw?authuser=0&hl=en&rclk=1
ChIJ_z5P0L0HzkwRX8tf28sEF9g,Texture Hair Boutique,209,4.7,"1884 Merivale Rd, Nepean, ON K2G 1E6",https://www.google.com/maps/place/Texture+Hair+Boutique/data=!4m7!3m6!1s0x4cce07bdd04f3eff:0xd81704cbdb5fcb5f!8m2!3d45.3318283!4d-75.723334!16s%2Fg%2F1vg6tc66!19sChIJ_z5P0L0HzkwRX8tf28sEF9g?authuser=0&hl=en&rclk=1
ChIJyV83GZIvVUARptXhx9jBvmc,Morrison's Salon,53,4.4,"246 Elgin St, Ottawa, ON K2P 1L9",https://www.google.com/maps/place/Morrison%27s+Salon/data=!4m7!3m6!1s0x40552f9219375fc9:0x67bec1d8c7e1d5a6!8m2!3d45.418327!4d-75.690952!16s%2Fg%2F1tfr0171!19sChIJyV83GZIvVUARptXhx9jBvmc?authuser=0&hl=en&rclk=1
ChIJu_HFp80FzkwR-OAap2LBqrs,Maneland Hair Salon,166,4.7,"261 Laurier Ave E, Ottawa, ON K1N 6P7",https://www.google.com/maps/place/Maneland+Hair+Salon/data=!4m7!3m6!1s0x4cce05cda7c5f1bb:0xbbaac162a71ae0f8!8m2!3d45.4265804!4d-75.6806202!16s%2Fg%2F11h_1ll3k2!19sChIJu_HFp80FzkwR-OAap2LBqrs?authuser=0&hl=en&rclk=1
ChIJO2t0vu4IzkwR-QPxUbOvVhY,Che Hair salon,109,4.7,"2900 Gibford Dr unit 113, Ottawa, ON K1V 2R4",https://www.google.com/maps/place/Che+Hair+salon/data=!4m7!3m6!1s0x4cce08eebe746b3b:0x1656afb351f103f9!8m2!3d45.3428122!4d-75.6684203!16s%2Fg%2F1tcyx159!19sChIJO2t0vu4IzkwR-QPxUbOvVhY?authuser=0&hl=en&rclk=1
ChIJQe3Z14QIzkwRkAIlKTaeqJg,Capital Hair Company,47,4.6,"3310 McCarthy Rd, Ottawa, ON K1V 9S1",https://www.google.com/maps/place/Capital+Hair+Company/data=!4m7!3m6!1s0x4cce0884d7d9ed41:0x98a89e3629250290!8m2!3d45.3502046!4d-75.6716392!16s%2Fg%2F1tdr2yj5!19sChIJQe3Z14QIzkwRkAIlKTaeqJg?authuser=0&hl=en&rclk=1
ChIJIxg6-FQEzkwRUhWiwZBtAC4,Voila Coiffure & Spa Inc,67,4.7,"99 Bank St, Ottawa, ON K1P 6B9",https://www.google.com/maps/place/Voila+Coiffure+%26+Spa+Inc/data=!4m7!3m6!1s0x4cce0454f83a1823:0x2e006d90c1a21552!8m2!3d45.4207041!4d-75.7000589!16s%2Fg%2F1tcyf2k9!19sChIJIxg6-FQEzkwRUhWiwZBtAC4?authuser=0&hl=en&rclk=1
ChIJ7cqlQugFzkwR9Q9U3NrHUFw,Modern HairStyling,22,4.9,"1148 Bank St, Ottawa, ON K1S 3X6",https://www.google.com/maps/place/Modern+HairStyling/data=!4m7!3m6!1s0x4cce05e842a5caed:0x5c50c7dadc540ff5!8m2!3d45.3931236!4d-75.6828661!16s%2Fg%2F1tfmhflw!19sChIJ7cqlQugFzkwR9Q9U3NrHUFw?authuser=0&hl=en&rclk=1
ChIJv7NnpqsFzkwRS5GhfKxAwjs,Metcalfe Hair Design,98,4.6,"110 O'Connor St, Ottawa, ON K1P 1H1",https://www.google.com/maps/place/Metcalfe+Hair+Design/data=!4m7!3m6!1s0x4cce05aba667b3bf:0x3bc240ac7ca1914b!8m2!3d45.4197923!4d-75.6976746!16s%2Fg%2F1tcvz12s!19sChIJv7NnpqsFzkwRS5GhfKxAwjs?authuser=0&hl=en&rclk=1
ChIJ1YNX6xAHzkwRKctZZHYRl4w,Hair by Erblina,32,5,"224 Hunt Club Rd #5, Ottawa, ON K1V 1C1",https://www.google.com/maps/place/Hair+by+Erblina/data=!4m7!3m6!1s0x4cce0710eb5783d5:0x8c9711766459cb29!8m2!3d45.3339133!4d-75.6905898!16s%2Fg%2F11tm_jpvx3!19sChIJ1YNX6xAHzkwRKctZZHYRl4w?authuser=0&hl=en&rclk=1
ChIJrzeRer8vVUAR9akO1UsHQNs,Fernando Cellini Hair Salon,63,4.7,"27 Murray St, Ottawa, ON K1N 9M5",https://www.google.com/maps/place/Fernando+Cellini+Hair+Salon/data=!4m7!3m6!1s0x40552fbf7a9137af:0xdb40074bd50ea9f5!8m2!3d45.4292502!4d-75.6952012!16s%2Fg%2F11bbxk6w68!19sChIJrzeRer8vVUAR9akO1UsHQNs?authuser=0&hl=en&rclk=1
ChIJjxjQoakIzkwRIBOiMEIyKK8,Andre hair design's,46,4.6,"1724 Bank St, Ottawa, ON K1V 7Y6",https://www.google.com/maps/place/Andre+hair+design%E2%80%99s/data=!4m7!3m6!1s0x4cce08a9a1d0188f:0xaf28324230a21320!8m2!3d45.3742926!4d-75.6659347!16s%2Fg%2F1v2yyhdd!19sChIJjxjQoakIzkwRIBOiMEIyKK8?authuser=0&hl=en&rclk=1
ChIJzaDEqLAFzkwR8NH6eXFOAcw,Studio B,55,4.2,"591 Bank St, Ottawa, ON K1S 3T4",https://www.google.com/maps/place/Studio+B/data=!4m7!3m6!1s0x4cce05b0a8c4a0cd:0xcc014e7179fad1f0!8m2!3d45.407803!4d-75.690844!16s%2Fg%2F11bymz7btj!19sChIJzaDEqLAFzkwR8NH6eXFOAcw?authuser=0&hl=en&rclk=1
ChIJqSuXMv0EzkwR4CcDrt9LWyk,Salon Rouge Ottawa,645,4.5,"222 Dalhousie St, Ottawa, ON K1N 7C8",https://www.google.com/maps/place/Salon+Rouge+Ottawa/data=!4m7!3m6!1s0x4cce04fd32972ba9:0x295b4bdfae0327e0!8m2!3d45.4315894!4d-75.6935839!16s%2Fg%2F1wcxcqg_!19sChIJqSuXMv0EzkwR4CcDrt9LWyk?authuser=0&hl=en&rclk=1
ChIJ-UvvOUkEzkwRbBjtPX4YuTU,DK Hair&Spa,28,4.6,"814 Somerset St W, Ottawa, ON K1R 6R5",https://www.google.com/maps/place/DK+Hair%26Spa/data=!4m7!3m6!1s0x4cce044939ef4bf9:0x35b9187e3ded186c!8m2!3d45.4092437!4d-75.7109839!16s%2Fg%2F1hc4fps70!19sChIJ-UvvOUkEzkwRbBjtPX4YuTU?authuser=0&hl=en&rclk=1
ChIJ0_v7LKkIzkwR67czCZ5p4uI,Maxime Beauty Salon,72,4.7,"1240 Walkley Rd, Ottawa, ON K1V 6P8",https://www.google.com/maps/place/Maxime+Beauty+Salon/data=!4m7!3m6!1s0x4cce08a92cfbfbd3:0xe2e2699e0933b7eb!8m2!3d45.3708867!4d-75.6614955!16s%2Fg%2F1tg5z7xd!19sChIJ0_v7LKkIzkwR67czCZ5p4uI?authuser=0&hl=en&rclk=1
ChIJm2zsGAQFzkwRR3tvErY7b6s,The Cutting Shack Hair Salon,158,4.8,"The Cutting Shack Hair Salon, 485 Cumberland St, Ottawa, ON K1N 7K1",https://www.google.com/maps/place/The+Cutting+Shack+Hair+Salon/data=!4m7!3m6!1s0x4cce050418ec6c9b:0xab6f3bb6126f7b47!8m2!3d45.426304!4d-75.6859407!16s%2Fg%2F1w_vmx8_!19sChIJm2zsGAQFzkwRR3tvErY7b6s?authuser=0&hl=en&rclk=1
ChIJl2MqvTgEzkwRiDlnFqGNbSI,Ember Hair Retreat,33,5,"1106 Somerset St W, Ottawa, ON K1Y 3C8",https://www.google.com/maps/place/Ember+Hair+Retreat/data=!4m7!3m6!1s0x4cce0438bd2a6397:0x226d8da116673988!8m2!3d45.4058964!4d-75.7221786!16s%2Fg%2F11f1yytlck!19sChIJl2MqvTgEzkwRiDlnFqGNbSI?authuser=0&hl=en&rclk=1
ChIJC91H36gFzkwRYfTUfu1tLqk,Teaze Hair Studio and Esthetics,30,5,"152 MacLaren St, Ottawa, ON K2P 0K9",https://www.google.com/maps/place/Teaze+Hair+Studio+and+Esthetics/data=!4m7!3m6!1s0x4cce05a8df47dd0b:0xa92e6ded7ed4f461!8m2!3d45.417573!4d-75.6886144!16s%2Fg%2F1tfvysc3!19sChIJC91H36gFzkwRYfTUfu1tLqk?authuser=0&hl=en&rclk=1
ChIJbXK_0AQFzkwRBCo4DcBzFVQ,Hair Resort,68,4.7,"372-B Rideau St, Ottawa, ON K1N 5Y8",https://www.google.com/maps/place/Hair+Resort/data=!4m7!3m6!1s0x4cce0504d0bf726d:0x541573c00d382a04!8m2!3d45.4297456!4d-75.6830469!16s%2Fg%2F1t_hym5k!19sChIJbXK_0AQFzkwRBCo4DcBzFVQ?authuser=0&hl=en&rclk=1